{
  "observation.state.ur5e_joint_pos": {
    "min": [
      0.0003282643447164446,
      -1.5999413929381312,
      0.9444192091571253,
      -1.8650146923460902,
      -1.6734393278705042,
      -0.013516251240865529
    ],
    "max": [
      0.05373098701238632,
      -1.072463945751526,
      1.6687811056720179,
      -1.463088945751526,
      -1.5776198546039026,
      0.016927199438214302
    ],
    "mean": [
      0.03821482508947584,
      -1.428924052205872,
      1.4137541803549554,
      -1.6718684565820363,
      -1.6206816251484244,
      0.008200664403406391
    ],
    "std": [
      0.015870785214480054,
      0.13390093401749176,
      0.16950875070776722,
      0.06341439542567483,
      0.030286718899423172,
      0.007115091279363164
    ]
  },
  "observation.state.ur5e_joint_vel": {
    "min": [
      -0.06575590372085571,
      -0.37657806277275085,
      -0.47580474615097046,
      -0.3028221130371094,
      -0.13488304615020752,
      -0.054672349244356155
    ],
    "max": [
      0.08221425861120224,
      0.3233488202095032,
      0.5466986894607544,
      0.3903527855873108,
      0.09667260944843292,
      0.06268738955259323
    ],
    "mean": [
      7.380040319693895e-05,
      0.00018525252986893967,
      -0.00031881796451505495,
      0.002145163037759669,
      0.0005965793261901759,
      -0.00014285350778496357
    ],
    "std": [
      0.009748374059149436,
      0.11573756524589592,
      0.16330886618820323,
      0.06378923830964259,
      0.013754155498113048,
      0.008974989792872324
    ]
  },
  "observation.state.ur5e_current": {
    "min": [
      -0.9992763996124268,
      -6.50407075881958,
      -4.290407657623291,
      -0.9074019193649292,
      -0.3523263931274414,
      -0.2535445988178253
    ],
    "max": [
      0.9186573028564453,
      -1.2918357849121094,
      -1.1908003091812134,
      -0.0659177303314209,
      0.2130308449268341,
      0.2530394196510315
    ],
    "mean": [
      -0.017454054176137004,
      -3.632769674794074,
      -2.862078702096315,
      -0.5096541834092396,
      -0.015414589437501836,
      -0.013379624874782434
    ],
    "std": [
      0.4799871111603062,
      0.8141619307426669,
      0.7676473280856446,
      0.1582255424350604,
      0.13393329404118956,
      0.1264537605164423
    ]
  },
  "observation.state.ur5e_ee_pos": {
    "min": [
      -0.702488756251848,
      -0.1625718770474703,
      0.44692355121273886
    ],
    "max": [
      -0.483615002176036,
      -0.12254109448967923,
      0.53298360550735
    ],
    "mean": [
      -0.5567265642424529,
      -0.14816174797672926,
      0.49779210497321863
    ],
    "std": [
      0.05821459211190455,
      0.0102942129245528,
      0.012770027323721515
    ]
  },
  "observation.state.ur5e_ee_rot": {
    "min": [
      0.00021084613564883572,
      -0.7065848437994817,
      -0.7233932331192184,
      -0.04934932442699959
    ],
    "max": [
      0.15323238528317096,
      0.6967852954187482,
      0.7197783753834727,
      0.07767868524922987
    ],
    "mean": [
      0.06069398429569143,
      -0.6776537566072447,
      -0.6950668780319039,
      0.02424600510159937
    ],
    "std": [
      0.02437895872190925,
      0.15941291987782238,
      0.1639878256221108,
      0.022292893966363102
    ]
  },
  "observation.state.index_joint_pos": {
    "min": [
      0.04014257196363174,
      0.05410520514734853,
      0.03839724437611309
    ],
    "max": [
      0.48345621611823475,
      0.45902157995870324,
      0.4625122517784973
    ],
    "mean": [
      0.15585272613831422,
      0.16096111714959424,
      0.15023394393770592
    ],
    "std": [
      0.16257432350108425,
      0.15195762346532854,
      0.1591434276432901
    ]
  },
  "observation.state.index_joint_vel": {
    "min": [
      -5.864306286700947,
      -6.911503837897545,
      -6.283185307179586
    ],
    "max": [
      5.550147021341967,
      6.702064327658225,
      5.864306286700947
    ],
    "mean": [
      0.004283016569311225,
      0.0011778295565605756,
      -0.005086082176057086
    ],
    "std": [
      0.8856527851322374,
      0.8325478537884097,
      0.8706741346169026
    ]
  },
  "observation.state.index_current": {
    "min": [
      0.0,
      0.0,
      0.0
    ],
    "max": [
      0.072,
      0.078,
      0.091
    ],
    "mean": [
      0.004614008179959154,
      0.007911554192229336,
      0.005117586912065742
    ],
    "std": [
      0.006617337030419719,
      0.008386914620305441,
      0.008072680930650663
    ]
  },
  "observation.sensor.fingertip_ft": {
    "min": [
      -0.30000001192092896,
      -2.5999999046325684,
      -7.099999904632568,
      -13.0,
      -10.0,
      -5.0
    ],
    "max": [
      0.4000000059604645,
      -1.5,
      -6.5,
      -10.0,
      -6.0,
      -2.0
    ],
    "mean": [
      0.01620654423544012,
      -2.064212649512145,
      -6.805930546700101,
      -11.023517382413088,
      -7.694274028629857,
      -3.3057259713701432
    ],
    "std": [
      0.09255588354995341,
      0.12761555650746273,
      0.08137126708994376,
      0.3391000663739676,
      0.5201344156935699,
      0.4876678931281749
    ]
  },
  "observation.state.gripper_pos": {
    "min": 0.07666666507720947,
    "max": 0.9233333587646484,
    "mean": 0.2976550769545874,
    "std": 0.3105048034872682
  },
  "action": {
    "min": [
      -0.0015186409800067246,
      -1.610679827233439,
      0.9403302229893912,
      -1.868388599644711,
      -1.6735730395832344,
      -0.013805827090970668,
      0.0,
      0.0,
      0.0
    ],
    "max": [
      0.053689327575997536,
      -1.0691846091564483,
      1.6935144768161918,
      -1.4618836908550161,
      -1.576932249946439,
      0.01687378866674205,
      0.5235987755982988,
      0.5235987755982988,
      0.5235987755982988
    ],
    "mean": [
      0.038231075124941984,
      -1.4288890509010805,
      1.4136818199038013,
      -1.6713903466188738,
      -1.6205465801795944,
      0.008172643795671418,
      0.1367963398178062,
      0.1367963398178062,
      0.1367963398178062
    ],
    "std": [
      0.015953482397433133,
      0.13494414930909363,
      0.17112939908127295,
      0.06437305846990116,
      0.030211974625259302,
      0.00723262375536547,
      0.19796246533458045,
      0.19796246533458045,
      0.19796246533458045
    ]
  }
}